Val_STN_Dice_2D,Val_RN_Dice_2D,Val_Loss,Test_STN_Dice_2D,Test_RN_Dice_2D,Test_Loss,STN_val_mean_dice,STN_val_std_dice,STN_val_mean_hd95,STN_val_std_hd95,STN_val_mean_precision,STN_val_std_precision,STN_val_mean_recall,STN_val_std_recall,STN_val_mean_iou,STN_val_std_iou,RN_val_mean_dice,RN_val_std_dice,RN_val_mean_hd95,RN_val_std_hd95,RN_val_mean_precision,RN_val_std_precision,RN_val_mean_recall,RN_val_std_recall,RN_val_mean_iou,RN_val_std_iou,STN_test_mean_dice,STN_test_std_dice,STN_test_mean_hd95,STN_test_std_hd95,STN_test_mean_precision,STN_test_std_precision,STN_test_mean_recall,STN_test_std_recall,STN_test_mean_iou,STN_test_std_iou,RN_test_mean_dice,RN_test_std_dice,RN_test_mean_hd95,RN_test_std_hd95,RN_test_mean_precision,RN_test_std_precision,RN_test_mean_recall,RN_test_std_recall,RN_test_mean_iou,RN_test_std_iou,Loss_Type,Features,Learning_Rate,Weight_Decay,Dropout,Only_Annotated,CE_Weight,FT_Weight
0.8114,0.7748,0.3491,0.8347,0.8173,0.3105,0.8014,0.0735,1.48,0.79,0.7441,0.1231,0.9026,0.1115,0.6748,0.1002,0.7476,0.0819,1.38,0.53,0.7200,0.2042,0.8589,0.1235,0.6034,0.0991,0.8346,0.0094,1.36,0.41,0.8088,0.0526,0.8678,0.0423,0.7163,0.0138,0.8165,0.0324,1.41,0.52,0.8275,0.0802,0.8122,0.0384,0.6911,0.0475,FocalTversky,"[32, 64, 128, 256]",0.0005,0.0001,0.2,True,0.1,0.9
0.8106,0.7641,0.0585,0.8192,0.8211,0.0404,0.8046,0.0766,1.32,0.72,0.7695,0.1154,0.8739,0.1252,0.6799,0.1076,0.7664,0.0196,1.18,0.19,0.7912,0.1505,0.8012,0.1581,0.6216,0.0258,0.8183,0.0103,1.34,0.38,0.8199,0.0366,0.8207,0.0482,0.6926,0.0147,0.8197,0.0224,1.31,0.40,0.9113,0.0490,0.7464,0.0251,0.6951,0.0322,UnifiedFocal,"[64, 128, 256, 512]",0.0005,0.01,0.2,True,0.3,0.7
0.8101,0.0175,0.5152,0.8116,0.0150,0.5149,0.8031,0.0843,1.36,0.77,0.7724,0.1299,0.8710,0.1246,0.6793,0.1180,0.0162,0.0067,55.08,2.63,0.0082,0.0034,1.0000,0.0000,0.0082,0.0034,0.8133,0.0241,1.53,0.47,0.8136,0.0508,0.8192,0.0606,0.6861,0.0340,0.0164,0.0045,55.08,3.33,0.0082,0.0023,1.0000,0.0000,0.0082,0.0023,UnifiedFocal,"[32, 64, 128, 256]",0.0005,0.01,0.2,True,0.1,0.9
0.8091,0.7695,0.0534,0.8056,0.8275,0.0400,0.7996,0.0847,1.47,0.91,0.7558,0.1325,0.8795,0.1027,0.6742,0.1153,0.7659,0.0177,1.09,0.05,0.7835,0.1413,0.8007,0.1506,0.6209,0.0233,0.8060,0.0370,1.32,0.43,0.7897,0.0632,0.8306,0.0715,0.6766,0.0504,0.8279,0.0271,1.21,0.48,0.8716,0.0805,0.7939,0.0274,0.7072,0.0402,UnifiedFocal,"[64, 128, 256, 512]",0.0005,0.0001,0.4,True,0.5,0.5
0.8090,0.7527,0.3556,0.8287,0.8437,0.2867,0.7965,0.0859,1.41,0.71,0.7280,0.1311,0.9108,0.0939,0.6700,0.1139,0.7263,0.1021,1.63,0.64,0.7177,0.2274,0.8365,0.1431,0.5795,0.1162,0.8290,0.0157,1.31,0.40,0.7906,0.0485,0.8770,0.0497,0.7083,0.0228,0.8425,0.0285,1.21,0.48,0.8516,0.0555,0.8368,0.0354,0.7289,0.0426,FocalTversky,"[32, 64, 128, 256]",0.0005,0.01,0.4,True,0.1,0.9
0.8083,0.7680,0.0507,0.8273,0.8108,0.0357,0.8044,0.0844,1.25,0.75,0.7872,0.1105,0.8540,0.1436,0.6812,0.1190,0.7817,0.0342,1.02,0.38,0.8220,0.1228,0.7948,0.1682,0.6430,0.0453,0.8286,0.0149,1.42,0.40,0.8418,0.0371,0.8216,0.0623,0.7076,0.0218,0.8090,0.0202,1.53,0.33,0.9044,0.0584,0.7363,0.0465,0.6797,0.0280,UnifiedFocal,"[64, 128, 256, 512]",0.0005,0.01,0.4,True,0.1,0.9
0.8081,0.0157,0.5136,0.8102,0.0125,0.5137,0.8012,0.0730,1.36,0.77,0.7689,0.1262,0.8690,0.1104,0.6745,0.1007,0.0145,0.0064,60.13,1.29,0.0073,0.0033,1.0000,0.0000,0.0073,0.0033,0.8124,0.0288,1.42,0.41,0.8212,0.0567,0.8105,0.0639,0.6851,0.0405,0.0139,0.0042,62.06,4.86,0.0070,0.0021,1.0000,0.0000,0.0070,0.0021,UnifiedFocal,"[32, 64, 128, 256]",0.0005,0.01,0.4,True,0.1,0.9
0.8070,0.7694,0.0521,0.8116,0.8304,0.0365,0.8053,0.0852,1.25,0.75,0.7928,0.1110,0.8501,0.1454,0.6825,0.1196,0.7678,0.0440,1.37,0.51,0.7823,0.1644,0.8203,0.1615,0.6251,0.0578,0.8138,0.0462,1.42,0.41,0.8265,0.0667,0.8082,0.0754,0.6885,0.0643,0.8276,0.0393,1.21,0.54,0.9049,0.0632,0.7665,0.0537,0.7079,0.0572,UnifiedFocal,"[64, 128, 256, 512]",0.0005,0.0001,0.4,True,0.1,0.9
0.8066,0.0167,0.5159,0.7973,0.0152,0.5171,0.8049,0.0839,1.15,0.66,0.7852,0.1077,0.8555,0.1419,0.6817,0.1182,0.0160,0.0056,68.26,0.57,0.0081,0.0028,0.9952,0.0083,0.0081,0.0028,0.7982,0.0423,1.52,0.52,0.8326,0.0525,0.7732,0.0811,0.6662,0.0573,0.0158,0.0034,68.49,4.52,0.0080,0.0017,1.0000,0.0000,0.0080,0.0017,UnifiedFocal,"[32, 64, 128, 256]",0.0005,0.0001,0.4,True,0.3,0.7
0.8057,0.7834,0.0522,0.8167,0.8396,0.0345,0.8014,0.0807,1.25,0.75,0.7829,0.1113,0.8477,0.1268,0.6762,0.1129,0.7652,0.0709,1.31,0.47,0.7475,0.1858,0.8507,0.1253,0.6248,0.0894,0.8153,0.0402,1.29,0.45,0.8347,0.0372,0.8021,0.0788,0.6900,0.0555,0.8382,0.0437,1.12,0.54,0.8638,0.0635,0.8154,0.0334,0.7238,0.0650,UnifiedFocal,"[64, 128, 256, 512]",0.0005,0.01,0.2,True,0.1,0.9
0.8052,0.0186,0.5158,0.8017,0.0158,0.5157,0.7999,0.0839,1.43,0.85,0.7782,0.1230,0.8559,0.1318,0.6747,0.1171,0.0171,0.0069,55.09,2.82,0.0086,0.0035,0.9978,0.0038,0.0086,0.0035,0.7982,0.0567,1.42,0.41,0.8179,0.0456,0.7847,0.0914,0.6677,0.0747,0.0172,0.0047,54.94,3.23,0.0087,0.0024,1.0000,0.0000,0.0087,0.0024,UnifiedFocal,"[32, 64, 128, 256]",0.0005,0.01,0.4,True,0.3,0.7
0.8025,0.0126,0.5179,0.8117,0.0117,0.5149,0.7994,0.0865,1.33,0.84,0.7894,0.1206,0.8458,0.1464,0.6745,0.1207,0.0118,0.0055,56.55,2.99,0.0059,0.0028,0.9980,0.0035,0.0059,0.0028,0.8160,0.0247,1.53,0.47,0.8466,0.0422,0.7922,0.0573,0.6899,0.0357,0.0127,0.0035,56.80,4.56,0.0064,0.0018,1.0000,0.0000,0.0064,0.0018,UnifiedFocal,"[32, 64, 128, 256]",0.0005,0.01,0.4,True,0.5,0.5
0.8021,0.7836,0.3221,0.8218,0.8417,0.2679,0.7972,0.0835,1.33,0.73,0.7764,0.1210,0.8532,0.1361,0.6708,0.1159,0.7787,0.0215,1.38,0.39,0.7877,0.1548,0.8244,0.1403,0.6380,0.0284,0.8250,0.0380,1.35,0.65,0.8442,0.0346,0.8115,0.0756,0.7039,0.0547,0.8407,0.0191,0.96,0.15,0.8861,0.0707,0.8066,0.0519,0.7256,0.0284,FocalTversky,"[64, 128, 256, 512]",0.0005,0.0001,0.4,True,0.1,0.9
0.8015,0.0147,0.5181,0.8149,0.0131,0.5140,0.7961,0.0932,1.32,0.83,0.7789,0.1342,0.8571,0.1517,0.6712,0.1297,0.0138,0.0048,67.45,0.37,0.0070,0.0024,0.9996,0.0006,0.0070,0.0024,0.8163,0.0240,1.48,0.43,0.8391,0.0403,0.7992,0.0562,0.6903,0.0341,0.0136,0.0028,67.89,4.25,0.0069,0.0014,1.0000,0.0000,0.0069,0.0014,UnifiedFocal,"[32, 64, 128, 256]",0.0005,0.0001,0.2,True,0.5,0.5
0.8013,0.0188,0.5118,0.7900,0.0172,0.5132,0.8004,0.0849,1.19,0.63,0.7981,0.0992,0.8320,0.1483,0.6756,0.1179,0.0182,0.0065,68.88,0.75,0.0092,0.0033,0.9991,0.0016,0.0092,0.0033,0.7895,0.0406,1.51,0.40,0.8374,0.0585,0.7533,0.0745,0.6540,0.0537,0.0180,0.0042,69.07,4.72,0.0091,0.0021,1.0000,0.0000,0.0091,0.0021,UnifiedFocal,"[64, 128, 256, 512]",0.0005,0.01,0.2,True,0.5,0.5
0.8000,0.0133,0.5186,0.7870,0.0120,0.5192,0.7960,0.0889,1.43,0.85,0.7888,0.1288,0.8450,0.1530,0.6702,0.1240,0.0125,0.0059,56.41,2.93,0.0063,0.0030,1.0000,0.0000,0.0063,0.0030,0.7872,0.0315,1.68,0.48,0.8389,0.0306,0.7466,0.0716,0.6502,0.0434,0.0130,0.0036,56.68,4.38,0.0065,0.0018,1.0000,0.0000,0.0065,0.0018,UnifiedFocal,"[32, 64, 128, 256]",0.0005,0.01,0.2,True,0.3,0.7
0.7999,0.0160,0.5181,0.8205,0.0142,0.5130,0.7923,0.0840,1.48,0.79,0.7694,0.1417,0.8594,0.1294,0.6640,0.1145,0.0151,0.0052,67.95,0.46,0.0076,0.0026,0.9994,0.0010,0.0076,0.0026,0.8173,0.0494,1.29,0.45,0.8257,0.0480,0.8151,0.0848,0.6939,0.0678,0.0148,0.0032,68.22,4.41,0.0075,0.0016,1.0000,0.0000,0.0075,0.0016,UnifiedFocal,"[32, 64, 128, 256]",0.0005,0.01,0.2,True,0.5,0.5
0.7998,0.0162,0.5350,0.8119,0.0140,0.5308,0.7959,0.0930,1.27,0.77,0.7904,0.1324,0.8402,0.1461,0.6710,0.1291,0.0150,0.0064,55.66,2.73,0.0076,0.0032,0.9989,0.0019,0.0076,0.0032,0.8069,0.0525,1.28,0.42,0.8532,0.0336,0.7749,0.1024,0.6794,0.0704,0.0152,0.0042,55.58,3.65,0.0077,0.0021,1.0000,0.0000,0.0077,0.0021,UnifiedFocal,"[64, 128, 256, 512]",0.0001,0.01,0.4,True,0.5,0.5
0.7994,0.7624,0.2740,0.8106,0.8121,0.2466,0.7867,0.0809,1.48,0.79,0.7163,0.1317,0.9074,0.0928,0.6554,0.1049,0.7169,0.1640,1.57,0.87,0.6552,0.2495,0.9047,0.0812,0.5823,0.1845,0.8099,0.0199,1.48,0.36,0.7468,0.0580,0.8931,0.0563,0.6810,0.0279,0.8152,0.0768,1.15,0.54,0.7502,0.1172,0.9032,0.0197,0.6952,0.1090,CEDice,"[64, 128, 256, 512]",0.0001,0.01,0.4,True,0.1,0.9
0.7994,0.0195,0.5118,0.8092,0.0163,0.5104,0.7959,0.0947,1.31,0.81,0.8043,0.1359,0.8315,0.1579,0.6713,0.1313,0.0179,0.0070,54.39,2.62,0.0091,0.0036,0.9987,0.0022,0.0091,0.0036,0.8110,0.0382,1.35,0.49,0.8421,0.0474,0.7918,0.0913,0.6838,0.0536,0.0178,0.0049,54.42,2.87,0.0090,0.0025,1.0000,0.0000,0.0090,0.0025,UnifiedFocal,"[32, 64, 128, 256]",0.0005,0.0001,0.2,True,0.3,0.7
0.7992,0.7907,0.3214,0.8215,0.8551,0.2673,0.7945,0.0818,1.30,0.80,0.7631,0.1124,0.8625,0.1410,0.6667,0.1131,0.7781,0.0556,1.27,0.52,0.7698,0.1735,0.8484,0.1321,0.6400,0.0724,0.8213,0.0351,1.22,0.51,0.8080,0.0477,0.8427,0.0814,0.6983,0.0492,0.8525,0.0465,1.08,0.58,0.8606,0.0770,0.8510,0.0620,0.7458,0.0717,FocalTversky,"[64, 128, 256, 512]",0.0005,0.01,0.4,True,0.1,0.9
0.7987,0.7822,0.3387,0.8190,0.8390,0.2913,0.7943,0.0838,1.30,0.71,0.7592,0.1068,0.8659,0.1468,0.6669,0.1167,0.7624,0.0676,1.31,0.47,0.7389,0.1825,0.8535,0.1209,0.6207,0.0845,0.8174,0.0133,1.41,0.36,0.7925,0.0539,0.8507,0.0532,0.6914,0.0190,0.8370,0.0449,1.15,0.54,0.8185,0.0843,0.8676,0.0735,0.7223,0.0675,FocalTversky,"[32, 64, 128, 256]",0.0005,0.01,0.2,True,0.1,0.9
0.7983,0.0163,0.5397,0.8116,0.0140,0.5369,0.7925,0.0767,1.43,0.85,0.7658,0.1209,0.8590,0.1376,0.6630,0.1057,0.0151,0.0064,55.94,2.93,0.0076,0.0033,0.9987,0.0022,0.0076,0.0033,0.8090,0.0473,1.35,0.50,0.7965,0.0678,0.8334,0.0949,0.6818,0.0648,0.0153,0.0042,55.98,3.87,0.0077,0.0021,1.0000,0.0000,0.0077,0.0021,UnifiedFocal,"[32, 64, 128, 256]",0.0001,0.0001,0.4,True,0.5,0.5
0.7962,0.7745,0.0598,0.8050,0.8396,0.0400,0.7913,0.0935,1.48,1.03,0.7679,0.1282,0.8555,0.1486,0.6646,0.1287,0.7596,0.0716,1.35,0.60,0.7515,0.1938,0.8478,0.1489,0.6176,0.0894,0.8008,0.0492,1.42,0.48,0.8211,0.0477,0.7861,0.0823,0.6705,0.0667,0.8380,0.0432,1.12,0.54,0.8627,0.0686,0.8177,0.0446,0.7236,0.0649,UnifiedFocal,"[64, 128, 256, 512]",0.0005,0.0001,0.2,True,0.3,0.7
0.7961,0.0141,0.5303,0.8148,0.0126,0.5259,0.7888,0.0901,1.38,0.89,0.7629,0.1433,0.8624,0.1389,0.6604,0.1226,0.0131,0.0059,55.99,2.76,0.0066,0.0030,0.9996,0.0006,0.0066,0.0030,0.8158,0.0182,1.55,0.38,0.7964,0.0418,0.8435,0.0694,0.6894,0.0259,0.0137,0.0038,56.15,4.02,0.0069,0.0019,1.0000,0.0000,0.0069,0.0019,UnifiedFocal,"[64, 128, 256, 512]",0.0001,0.0001,0.4,True,0.3,0.7
0.7953,0.7730,0.2569,0.8124,0.8277,0.2196,0.7822,0.0907,1.68,0.90,0.7140,0.1411,0.9022,0.0914,0.6510,0.1164,0.7383,0.0982,1.55,0.52,0.7042,0.2016,0.8583,0.1225,0.5942,0.1157,0.8088,0.0270,1.51,0.40,0.7456,0.0679,0.8915,0.0403,0.6799,0.0388,0.8280,0.0538,1.15,0.54,0.8044,0.0925,0.8591,0.0309,0.7100,0.0782,CEDice,"[64, 128, 256, 512]",0.0001,0.0001,0.4,True,0.1,0.9
0.7952,0.7803,0.2217,0.8164,0.8274,0.1823,0.7810,0.0802,1.71,0.76,0.6970,0.1288,0.9240,0.0930,0.6475,0.1020,0.7426,0.1194,1.49,0.65,0.6683,0.2063,0.9159,0.0883,0.6044,0.1466,0.8142,0.0327,1.53,0.47,0.7299,0.0706,0.9287,0.0302,0.6880,0.0472,0.8272,0.0519,1.23,0.55,0.7589,0.0867,0.9191,0.0553,0.7088,0.0779,CEDice,"[64, 128, 256, 512]",0.0005,0.01,0.4,True,0.1,0.9
0.7946,0.7572,0.3715,0.8075,0.8461,0.3142,0.7866,0.0900,1.41,0.71,0.7373,0.1333,0.8813,0.1248,0.6573,0.1212,0.7600,0.0243,1.35,0.49,0.8109,0.1396,0.7687,0.1658,0.6135,0.0315,0.8068,0.0329,1.31,0.40,0.7667,0.0537,0.8568,0.0592,0.6774,0.0452,0.8453,0.0485,1.05,0.58,0.8575,0.0778,0.8354,0.0207,0.7351,0.0729,FocalTversky,"[64, 128, 256, 512]",0.0001,0.01,0.4,True,0.1,0.9
0.7943,0.0134,0.5144,0.8087,0.0119,0.5110,0.7950,0.0882,1.25,0.75,0.8179,0.1076,0.8006,0.1414,0.6686,0.1207,0.0125,0.0058,56.30,2.89,0.0063,0.0030,1.0000,0.0000,0.0063,0.0030,0.8125,0.0264,1.38,0.41,0.8792,0.0361,0.7605,0.0655,0.6850,0.0375,0.0129,0.0035,56.62,4.37,0.0065,0.0018,1.0000,0.0000,0.0065,0.0018,UnifiedFocal,"[32, 64, 128, 256]",0.0005,0.0001,0.4,True,0.5,0.5
0.7942,0.7762,0.3383,0.8060,0.8179,0.2930,0.7860,0.0738,1.49,0.65,0.7321,0.1192,0.8810,0.1106,0.6535,0.0991,0.7676,0.0618,1.28,0.49,0.7711,0.1762,0.8319,0.1476,0.6269,0.0797,0.8067,0.0254,1.43,0.36,0.7838,0.0535,0.8371,0.0570,0.6767,0.0352,0.8145,0.0399,1.30,0.49,0.8967,0.0664,0.7515,0.0610,0.6889,0.0562,FocalTversky,"[64, 128, 256, 512]",0.0005,0.0001,0.2,True,0.1,0.9
0.7941,0.7776,0.3365,0.8212,0.8408,0.2813,0.7930,0.0999,1.22,0.72,0.7961,0.1095,0.8294,0.1733,0.6683,0.1359,0.7488,0.1002,1.40,0.58,0.7102,0.2112,0.8750,0.1140,0.6082,0.1223,0.8224,0.0099,1.63,0.38,0.8419,0.0493,0.8116,0.0671,0.6985,0.0142,0.8391,0.0491,1.16,0.59,0.8262,0.0838,0.8604,0.0610,0.7259,0.0742,FocalTversky,"[32, 64, 128, 256]",0.0005,0.0001,0.4,True,0.1,0.9
0.7939,0.0215,0.5120,0.8011,0.0158,0.5119,0.7928,0.0986,1.38,0.89,0.7961,0.1170,0.8218,0.1542,0.6677,0.1354,0.0197,0.0075,54.41,2.95,0.0100,0.0038,0.9987,0.0022,0.0100,0.0038,0.8004,0.0289,1.45,0.37,0.8446,0.0395,0.7648,0.0594,0.6682,0.0392,0.0179,0.0058,59.91,7.69,0.0090,0.0029,1.0000,0.0000,0.0090,0.0029,UnifiedFocal,"[64, 128, 256, 512]",0.0005,0.01,0.4,True,0.5,0.5
0.7936,0.0188,0.5392,0.8162,0.0174,0.5331,0.7866,0.0932,1.47,0.91,0.7679,0.1475,0.8527,0.1401,0.6580,0.1265,0.0184,0.0067,68.94,0.79,0.0093,0.0034,0.9993,0.0013,0.0093,0.0034,0.8112,0.0332,1.38,0.39,0.7958,0.0524,0.8323,0.0596,0.6836,0.0468,0.0182,0.0043,69.19,4.70,0.0092,0.0022,1.0000,0.0000,0.0092,0.0022,UnifiedFocal,"[32, 64, 128, 256]",0.0001,0.0001,0.2,True,0.3,0.7
0.7936,0.7942,0.3172,0.8184,0.8408,0.2783,0.7926,0.0978,1.22,0.72,0.7853,0.1144,0.8376,0.1650,0.6673,0.1340,0.8036,0.0233,1.05,0.29,0.8266,0.1046,0.8147,0.1309,0.6724,0.0319,0.8183,0.0250,1.42,0.40,0.8178,0.0465,0.8256,0.0695,0.6932,0.0354,0.8414,0.0479,1.38,0.65,0.8461,0.0898,0.8425,0.0264,0.7292,0.0713,FocalTversky,"[64, 128, 256, 512]",0.0005,0.01,0.2,True,0.1,0.9
0.7935,0.7915,0.3137,0.8266,0.8471,0.2594,0.7806,0.0857,1.73,0.80,0.6921,0.1246,0.9267,0.0892,0.6479,0.1103,0.7731,0.0536,1.15,0.23,0.7330,0.1628,0.8725,0.1075,0.6332,0.0705,0.8243,0.0293,1.41,0.52,0.7499,0.0670,0.9222,0.0288,0.7023,0.0429,0.8449,0.0518,1.05,0.58,0.8428,0.0726,0.8510,0.0584,0.7350,0.0789,FocalTversky,"[32, 64, 128, 256]",0.0005,0.01,0.4,True,0.3,0.7
0.7932,0.7495,0.3673,0.8199,0.7923,0.3179,0.7803,0.0892,1.56,0.74,0.7035,0.1365,0.9172,0.1090,0.6481,0.1150,0.7048,0.1590,1.56,0.83,0.6513,0.2494,0.8866,0.0970,0.5656,0.1753,0.8174,0.0285,1.48,0.43,0.7377,0.0658,0.9241,0.0330,0.6922,0.0410,0.7922,0.0681,1.36,0.59,0.6943,0.0926,0.9291,0.0274,0.6613,0.0955,FocalTversky,"[64, 128, 256, 512]",0.0001,0.01,0.2,True,0.3,0.7
0.7926,0.7829,0.3134,0.8126,0.8500,0.2549,0.7814,0.0790,1.61,0.63,0.7072,0.1259,0.9113,0.1112,0.6479,0.1030,0.7576,0.0760,1.41,0.44,0.7249,0.1852,0.8631,0.1182,0.6155,0.0932,0.8125,0.0078,1.41,0.36,0.7384,0.0509,0.9117,0.0559,0.6843,0.0111,0.8491,0.0403,1.05,0.58,0.8471,0.0748,0.8553,0.0316,0.7399,0.0610,FocalTversky,"[64, 128, 256, 512]",0.0005,0.0001,0.4,True,0.3,0.7
0.7924,0.0169,0.5127,0.7835,0.0145,0.5143,0.7958,0.0959,1.23,0.74,0.8204,0.1093,0.8021,0.1539,0.6712,0.1300,0.0156,0.0066,55.32,2.71,0.0079,0.0034,0.9996,0.0006,0.0079,0.0034,0.7865,0.0498,1.51,0.38,0.8542,0.0692,0.7309,0.0514,0.6508,0.0667,0.0157,0.0043,55.32,3.51,0.0079,0.0022,1.0000,0.0000,0.0079,0.0022,UnifiedFocal,"[64, 128, 256, 512]",0.0005,0.01,0.4,True,0.3,0.7
0.7922,0.0175,0.5389,0.8056,0.0164,0.5352,0.7859,0.0927,1.43,0.85,0.7652,0.1332,0.8463,0.1399,0.6569,0.1262,0.0169,0.0062,68.51,0.70,0.0086,0.0031,0.9978,0.0038,0.0086,0.0031,0.8004,0.0489,1.41,0.44,0.7855,0.0566,0.8241,0.0867,0.6700,0.0667,0.0170,0.0037,68.90,4.53,0.0086,0.0019,0.9996,0.0007,0.0086,0.0019,UnifiedFocal,"[32, 64, 128, 256]",0.0001,0.01,0.4,True,0.5,0.5
0.7918,0.7736,0.2278,0.8028,0.8137,0.2003,0.7767,0.0759,1.71,0.77,0.6777,0.1206,0.9417,0.0779,0.6408,0.0953,0.7324,0.1310,1.32,0.66,0.6694,0.2228,0.9006,0.0873,0.5937,0.1536,0.7982,0.0433,1.54,0.42,0.7078,0.0688,0.9215,0.0429,0.6664,0.0608,0.8150,0.0637,1.48,0.61,0.7514,0.1041,0.8992,0.0260,0.6929,0.0953,CEDice,"[32, 64, 128, 256]",0.0005,0.0001,0.4,True,0.1,0.9
0.7917,0.0139,0.5302,0.8154,0.0124,0.5243,0.7867,0.0900,1.38,0.78,0.7717,0.1356,0.8481,0.1521,0.6575,0.1232,0.0130,0.0059,56.30,2.91,0.0066,0.0030,0.9996,0.0006,0.0066,0.0030,0.8137,0.0341,1.45,0.37,0.8122,0.0487,0.8201,0.0642,0.6873,0.0469,0.0135,0.0038,56.42,4.17,0.0068,0.0019,1.0000,0.0000,0.0068,0.0019,UnifiedFocal,"[64, 128, 256, 512]",0.0001,0.0001,0.4,True,0.1,0.9
0.7910,0.0132,0.5176,0.7965,0.0120,0.5149,0.7898,0.0936,1.38,0.78,0.7921,0.1225,0.8272,0.1602,0.6626,0.1285,0.0124,0.0057,56.18,2.83,0.0062,0.0029,1.0000,0.0000,0.0062,0.0029,0.7972,0.0561,1.49,0.49,0.8449,0.0456,0.7593,0.0867,0.6663,0.0751,0.0131,0.0036,56.44,4.23,0.0066,0.0018,1.0000,0.0000,0.0066,0.0018,UnifiedFocal,"[32, 64, 128, 256]",0.0005,0.0001,0.2,True,0.1,0.9
0.7909,0.0135,0.5362,0.8134,0.0122,0.5305,0.7850,0.0883,1.49,0.81,0.7663,0.1330,0.8482,0.1472,0.6549,0.1202,0.0125,0.0056,55.91,2.59,0.0063,0.0028,1.0000,0.0000,0.0063,0.0028,0.8118,0.0498,1.25,0.50,0.8110,0.0570,0.8183,0.0809,0.6860,0.0677,0.0133,0.0038,55.88,3.95,0.0067,0.0019,1.0000,0.0000,0.0067,0.0019,UnifiedFocal,"[64, 128, 256, 512]",0.0001,0.0001,0.2,True,0.3,0.7
0.7903,0.8085,0.2140,0.7962,0.8140,0.2066,0.7758,0.0816,1.67,0.72,0.6786,0.1224,0.9376,0.0809,0.6406,0.1026,0.7859,0.0600,1.22,0.51,0.7625,0.1647,0.8555,0.0911,0.6512,0.0786,0.7934,0.0323,1.74,0.29,0.7098,0.0697,0.9087,0.0472,0.6588,0.0448,0.8185,0.0569,1.33,0.61,0.8318,0.1277,0.8218,0.0446,0.6966,0.0807,CEDice,"[64, 128, 256, 512]",0.0005,0.01,0.2,True,0.1,0.9
0.7897,0.7894,0.3101,0.8091,0.8424,0.2644,0.7746,0.0827,1.71,0.77,0.6802,0.1260,0.9327,0.0816,0.6391,0.1034,0.7602,0.0862,1.24,0.53,0.7201,0.1931,0.8759,0.1075,0.6205,0.1061,0.8094,0.0325,1.40,0.42,0.7274,0.0721,0.9217,0.0411,0.6811,0.0459,0.8426,0.0388,1.05,0.58,0.8449,0.0817,0.8460,0.0285,0.7300,0.0579,FocalTversky,"[64, 128, 256, 512]",0.0005,0.01,0.4,True,0.3,0.7
0.7896,0.0156,0.5278,0.8168,0.0141,0.5207,0.7865,0.0938,1.40,0.81,0.7791,0.1291,0.8376,0.1593,0.6580,0.1280,0.0144,0.0058,55.36,2.41,0.0072,0.0030,1.0000,0.0000,0.0072,0.0030,0.8162,0.0471,1.29,0.49,0.8274,0.0354,0.8096,0.0811,0.6921,0.0649,0.0155,0.0046,54.96,3.25,0.0078,0.0023,1.0000,0.0000,0.0078,0.0023,UnifiedFocal,"[64, 128, 256, 512]",0.0001,0.01,0.2,True,0.1,0.9
0.7896,0.7514,0.0621,0.8194,0.7962,0.0429,0.7874,0.0843,1.32,0.72,0.7486,0.1077,0.8630,0.1440,0.6573,0.1153,0.7610,0.0548,1.31,0.49,0.8374,0.1214,0.7483,0.1838,0.6174,0.0719,0.8164,0.0430,1.28,0.45,0.8188,0.0522,0.8187,0.0716,0.6919,0.0590,0.7953,0.0184,1.62,0.41,0.9196,0.0527,0.7026,0.0254,0.6605,0.0258,UnifiedFocal,"[32, 64, 128, 256]",0.0005,0.0001,0.4,True,0.1,0.9
0.7896,0.8027,0.2204,0.8112,0.8259,0.2013,0.7773,0.0780,1.64,0.67,0.6903,0.1184,0.9218,0.0971,0.6421,0.1002,0.7818,0.0623,1.05,0.29,0.7337,0.1585,0.8796,0.0771,0.6461,0.0842,0.8099,0.0312,1.42,0.41,0.7448,0.0540,0.8932,0.0544,0.6816,0.0435,0.8272,0.0590,1.23,0.55,0.8221,0.0967,0.8375,0.0294,0.7096,0.0863,CEDice,"[64, 128, 256, 512]",0.0005,0.0001,0.4,True,0.1,0.9
0.7894,0.7819,0.3084,0.8278,0.8386,0.2543,0.7787,0.0821,1.78,0.88,0.7236,0.1327,0.8866,0.1298,0.6449,0.1080,0.7373,0.1446,1.38,0.81,0.6628,0.2292,0.9269,0.0819,0.6033,0.1703,0.8248,0.0147,1.48,0.36,0.7840,0.0581,0.8767,0.0434,0.7021,0.0216,0.8379,0.0496,0.93,0.26,0.7763,0.0811,0.9180,0.0506,0.7243,0.0752,FocalTversky,"[64, 128, 256, 512]",0.0005,0.0001,0.2,True,0.3,0.7
0.7893,0.7764,0.2252,0.8057,0.7899,0.2090,0.7784,0.0823,1.62,0.65,0.7006,0.1244,0.9116,0.1079,0.6443,0.1068,0.7314,0.1322,1.45,0.46,0.6505,0.2107,0.9176,0.0666,0.5931,0.1587,0.8040,0.0250,1.53,0.31,0.7363,0.0632,0.8947,0.0581,0.6730,0.0348,0.7963,0.0955,1.33,0.82,0.7164,0.1264,0.9083,0.0455,0.6715,0.1260,CEDice,"[64, 128, 256, 512]",0.0005,0.0001,0.2,True,0.1,0.9
0.7878,0.7783,0.2365,0.8118,0.8374,0.1863,0.7733,0.0877,1.84,0.97,0.6907,0.1387,0.9204,0.0984,0.6382,0.1097,0.7456,0.1049,1.56,0.67,0.7057,0.2144,0.8764,0.1106,0.6048,0.1250,0.8091,0.0296,1.48,0.43,0.7167,0.0673,0.9372,0.0312,0.6805,0.0424,0.8365,0.0505,1.15,0.54,0.8001,0.0781,0.8801,0.0338,0.7222,0.0762,CEDice,"[32, 64, 128, 256]",0.0005,0.01,0.4,True,0.1,0.9
0.7877,0.7511,0.3806,0.8113,0.8402,0.3154,0.7794,0.0895,1.51,0.81,0.7357,0.1363,0.8725,0.1354,0.6473,0.1194,0.7279,0.0856,1.75,0.52,0.7416,0.2183,0.8133,0.1663,0.5789,0.0995,0.8087,0.0356,1.42,0.40,0.7820,0.0447,0.8445,0.0823,0.6803,0.0489,0.8407,0.0472,1.12,0.54,0.8324,0.0968,0.8563,0.0182,0.7280,0.0704,FocalTversky,"[64, 128, 256, 512]",0.0001,0.0001,0.4,True,0.1,0.9
0.7872,0.0163,0.5398,0.8078,0.0144,0.5336,0.7801,0.0961,1.42,0.83,0.7584,0.1439,0.8518,0.1510,0.6497,0.1295,0.0150,0.0061,54.88,2.53,0.0075,0.0031,1.0000,0.0000,0.0075,0.0031,0.8028,0.0520,1.32,0.43,0.8123,0.0423,0.8019,0.0988,0.6736,0.0693,0.0158,0.0045,54.58,3.01,0.0079,0.0023,1.0000,0.0000,0.0079,0.0023,UnifiedFocal,"[32, 64, 128, 256]",0.0001,0.01,0.2,True,0.5,0.5
0.7869,0.7669,0.2502,0.8036,0.8373,0.2064,0.7775,0.0877,1.68,0.90,0.7176,0.1364,0.8847,0.1002,0.6442,0.1145,0.7256,0.1519,1.44,0.70,0.6596,0.2341,0.9091,0.0891,0.5900,0.1735,0.8021,0.0239,1.65,0.37,0.7541,0.0767,0.8672,0.0474,0.6703,0.0334,0.8371,0.0497,1.12,0.54,0.7812,0.0778,0.9079,0.0468,0.7230,0.0742,CEDice,"[32, 64, 128, 256]",0.0005,0.01,0.2,True,0.1,0.9
0.7866,0.7586,0.2132,0.8311,0.7982,0.1894,0.7742,0.0787,1.80,0.91,0.6867,0.1195,0.9201,0.0949,0.6381,0.1003,0.7075,0.1673,1.63,0.72,0.6025,0.2187,0.9531,0.0442,0.5720,0.1910,0.8267,0.0239,1.38,0.39,0.7916,0.0427,0.8710,0.0619,0.7052,0.0351,0.8004,0.0612,1.12,0.54,0.7052,0.0852,0.9323,0.0276,0.6715,0.0842,CEDice,"[64, 128, 256, 512]",0.0005,0.01,0.2,True,0.3,0.7
0.7862,0.7975,0.3132,0.8222,0.8410,0.2556,0.7742,0.0819,1.73,0.80,0.6944,0.1262,0.9117,0.1061,0.6385,0.1049,0.7757,0.0727,1.18,0.31,0.7319,0.1776,0.8854,0.1052,0.6392,0.0955,0.8195,0.0300,1.38,0.41,0.7449,0.0621,0.9163,0.0281,0.6953,0.0436,0.8421,0.0539,1.05,0.58,0.8238,0.0859,0.8654,0.0274,0.7309,0.0796,FocalTversky,"[64, 128, 256, 512]",0.0005,0.01,0.2,True,0.3,0.7
0.7856,0.0173,0.5284,0.8184,0.0156,0.5199,0.7828,0.0967,1.34,0.84,0.8005,0.1390,0.8165,0.1699,0.6535,0.1308,0.0166,0.0056,68.48,0.66,0.0084,0.0029,0.9998,0.0003,0.0084,0.0029,0.8184,0.0193,1.30,0.33,0.8624,0.0403,0.7832,0.0555,0.6930,0.0273,0.0163,0.0038,68.67,4.63,0.0082,0.0019,1.0000,0.0000,0.0082,0.0019,UnifiedFocal,"[64, 128, 256, 512]",0.0001,0.01,0.2,True,0.3,0.7
0.7856,0.0130,0.5538,0.8196,0.0119,0.5431,0.7752,0.0967,1.60,0.96,0.7274,0.1532,0.8811,0.1293,0.6428,0.1256,0.0122,0.0057,56.32,2.80,0.0061,0.0029,0.9994,0.0010,0.0061,0.0029,0.8178,0.0428,1.28,0.49,0.7814,0.0527,0.8644,0.0783,0.6939,0.0598,0.0129,0.0036,56.61,4.34,0.0065,0.0018,1.0000,0.0000,0.0065,0.0018,UnifiedFocal,"[32, 64, 128, 256]",0.0001,0.01,0.4,True,0.1,0.9
0.7842,0.7710,0.2680,0.8212,0.8402,0.2065,0.7774,0.0950,1.44,0.86,0.7317,0.1319,0.8730,0.1466,0.6458,0.1273,0.7474,0.0682,1.57,0.46,0.7425,0.1952,0.8324,0.1473,0.6011,0.0826,0.8174,0.0317,1.28,0.42,0.7732,0.0505,0.8722,0.0597,0.6924,0.0447,0.8389,0.0491,1.15,0.54,0.8242,0.0811,0.8571,0.0235,0.7257,0.0750,CEDice,"[64, 128, 256, 512]",0.0001,0.0001,0.2,True,0.1,0.9
0.7841,0.0176,0.5219,0.8067,0.0150,0.5167,0.7815,0.0976,1.46,0.87,0.7889,0.1371,0.8191,0.1596,0.6519,0.1322,0.0162,0.0066,55.33,2.76,0.0082,0.0034,0.9994,0.0010,0.0082,0.0034,0.8055,0.0494,1.41,0.44,0.8373,0.0443,0.7811,0.0823,0.6772,0.0666,0.0163,0.0045,55.26,3.40,0.0082,0.0023,1.0000,0.0000,0.0082,0.0023,UnifiedFocal,"[64, 128, 256, 512]",0.0001,0.0001,0.4,True,0.5,0.5
0.7838,0.0157,0.5356,0.8205,0.0138,0.5259,0.7773,0.1003,1.51,0.95,0.7613,0.1525,0.8485,0.1572,0.6468,0.1349,0.0144,0.0059,55.07,2.49,0.0073,0.0030,1.0000,0.0000,0.0073,0.0030,0.8172,0.0395,1.22,0.51,0.8070,0.0402,0.8345,0.0805,0.6928,0.0551,0.0152,0.0044,54.88,3.21,0.0077,0.0022,1.0000,0.0000,0.0077,0.0022,UnifiedFocal,"[64, 128, 256, 512]",0.0001,0.0001,0.2,True,0.1,0.9
0.7835,0.0147,0.5262,0.8059,0.0137,0.5196,0.7817,0.0993,1.42,0.92,0.7874,0.1391,0.8216,0.1608,0.6526,0.1344,0.0139,0.0046,67.70,0.61,0.0070,0.0023,1.0000,0.0000,0.0070,0.0023,0.8028,0.0554,1.22,0.51,0.8329,0.0488,0.7786,0.0789,0.6741,0.0742,0.0145,0.0037,68.34,4.50,0.0073,0.0019,1.0000,0.0000,0.0073,0.0019,UnifiedFocal,"[64, 128, 256, 512]",0.0001,0.01,0.2,True,0.5,0.5
0.7823,0.7520,0.2655,0.8119,0.7823,0.2398,0.7691,0.0787,1.80,0.91,0.6758,0.1224,0.9304,0.1032,0.6312,0.0989,0.6979,0.1791,1.60,0.84,0.5893,0.2295,0.9626,0.0398,0.5639,0.2038,0.8101,0.0244,1.65,0.37,0.7313,0.0622,0.9160,0.0385,0.6815,0.0344,0.7871,0.0699,1.36,0.60,0.6709,0.0999,0.9659,0.0232,0.6545,0.0957,FocalTversky,"[32, 64, 128, 256]",0.0005,0.01,0.2,True,0.5,0.5
0.7823,0.7675,0.3642,0.8123,0.8340,0.3134,0.7773,0.0866,1.43,0.72,0.7495,0.1268,0.8548,0.1582,0.6440,0.1165,0.7510,0.0542,1.58,0.52,0.7862,0.1791,0.7913,0.1709,0.6043,0.0696,0.8095,0.0403,1.43,0.40,0.7951,0.0507,0.8278,0.0611,0.6818,0.0548,0.8351,0.0645,1.05,0.58,0.8352,0.1135,0.8422,0.0246,0.7221,0.0947,FocalTversky,"[64, 128, 256, 512]",0.0001,0.0001,0.2,True,0.1,0.9
0.7823,0.0147,0.5268,0.8107,0.0128,0.5192,0.7789,0.1058,1.38,0.81,0.7963,0.1368,0.8152,0.1815,0.6501,0.1419,0.0137,0.0061,56.12,2.84,0.0069,0.0031,0.9994,0.0010,0.0069,0.0031,0.8074,0.0575,1.37,0.43,0.8625,0.0393,0.7672,0.1017,0.6807,0.0770,0.0139,0.0039,56.31,4.11,0.0070,0.0020,1.0000,0.0000,0.0070,0.0020,UnifiedFocal,"[64, 128, 256, 512]",0.0001,0.01,0.4,True,0.1,0.9
0.7823,0.7183,0.2631,0.8101,0.7856,0.2272,0.7664,0.0988,1.87,1.01,0.6642,0.1372,0.9425,0.0687,0.6309,0.1204,0.6696,0.1989,1.84,1.00,0.5561,0.2275,0.9642,0.0418,0.5340,0.2062,0.8081,0.0310,1.48,0.43,0.7175,0.0574,0.9303,0.0272,0.6791,0.0438,0.7851,0.0387,1.65,0.37,0.6670,0.0502,0.9576,0.0315,0.6479,0.0525,FocalTversky,"[64, 128, 256, 512]",0.0005,0.01,0.2,True,0.5,0.5
0.7822,0.7884,0.0503,0.7992,0.8250,0.0371,0.7852,0.1112,1.45,1.04,0.8090,0.1057,0.7942,0.1711,0.6598,0.1471,0.7881,0.0339,1.08,0.28,0.8131,0.1301,0.8005,0.1212,0.6516,0.0465,0.7994,0.0542,1.41,0.57,0.8765,0.0423,0.7415,0.0934,0.6691,0.0731,0.8255,0.0363,1.21,0.48,0.8780,0.0842,0.7829,0.0125,0.7044,0.0517,UnifiedFocal,"[64, 128, 256, 512]",0.0005,0.0001,0.2,True,0.5,0.5
0.7812,0.7652,0.3588,0.8096,0.7960,0.3232,0.7683,0.0841,1.75,0.83,0.6886,0.1359,0.9139,0.1102,0.6310,0.1056,0.7187,0.1556,1.73,0.98,0.6479,0.2421,0.9159,0.0796,0.5827,0.1792,0.8105,0.0325,1.41,0.52,0.7411,0.0730,0.9043,0.0506,0.6827,0.0460,0.7964,0.0501,1.50,0.32,0.7044,0.0714,0.9235,0.0479,0.6646,0.0690,FocalTversky,"[64, 128, 256, 512]",0.0001,0.0001,0.4,True,0.3,0.7
0.7810,0.7415,0.3823,0.8187,0.7988,0.3429,0.7722,0.0992,1.49,0.80,0.7337,0.1481,0.8690,0.1516,0.6395,0.1310,0.6925,0.1453,1.81,0.52,0.6228,0.2265,0.8886,0.0993,0.5478,0.1649,0.8160,0.0300,1.35,0.41,0.7640,0.0425,0.8793,0.0537,0.6902,0.0419,0.8019,0.0626,1.18,0.49,0.7076,0.0857,0.9319,0.0182,0.6737,0.0834,CEDice,"[32, 64, 128, 256]",0.0001,0.01,0.4,True,0.1,0.9
0.7809,0.7582,0.2118,0.8000,0.8216,0.1724,0.7635,0.1035,1.94,1.12,0.6584,0.1417,0.9476,0.0680,0.6280,0.1247,0.7096,0.1742,1.47,0.76,0.6219,0.2409,0.9409,0.0708,0.5760,0.1943,0.7974,0.0413,1.61,0.44,0.6942,0.0826,0.9487,0.0320,0.6651,0.0583,0.8217,0.0689,1.12,0.54,0.7522,0.0856,0.9097,0.0566,0.7031,0.0972,CEDice,"[64, 128, 256, 512]",0.0005,0.01,0.4,True,0.3,0.7
0.7809,0.7561,0.3181,0.8119,0.8175,0.2705,0.7642,0.0929,1.80,0.91,0.6620,0.1335,0.9409,0.0775,0.6269,0.1131,0.7101,0.1644,1.67,0.79,0.6206,0.2286,0.9366,0.0738,0.5738,0.1839,0.8094,0.0379,1.60,0.42,0.7199,0.0744,0.9335,0.0281,0.6815,0.0535,0.8167,0.0500,1.21,0.48,0.7411,0.0743,0.9173,0.0591,0.6933,0.0737,FocalTversky,"[32, 64, 128, 256]",0.0005,0.0001,0.4,True,0.3,0.7
0.7807,0.7591,0.1132,0.8017,0.7690,0.1057,0.7776,0.0971,1.32,0.72,0.7664,0.1187,0.8366,0.1771,0.6465,0.1303,0.7500,0.0644,1.41,0.50,0.8305,0.1425,0.7425,0.1862,0.6041,0.0793,0.7999,0.0362,1.40,0.39,0.7987,0.0445,0.8082,0.0806,0.6680,0.0486,0.7678,0.0309,1.83,0.20,0.8647,0.0854,0.7065,0.0905,0.6241,0.0398,UnifiedFocal,"[32, 64, 128, 256]",0.0001,0.0001,0.2,True,0.5,0.5
0.7804,0.0130,0.5735,0.8114,0.0115,0.5625,0.7675,0.0945,1.77,0.87,0.7023,0.1521,0.8939,0.1018,0.6317,0.1174,0.0121,0.0044,66.74,0.22,0.0061,0.0022,1.0000,0.0000,0.0061,0.0022,0.8049,0.0287,1.58,0.38,0.7568,0.0512,0.8653,0.0553,0.6745,0.0413,0.0119,0.0024,67.35,4.08,0.0060,0.0012,1.0000,0.0000,0.0060,0.0012,UnifiedFocal,"[32, 64, 128, 256]",0.0001,0.01,0.2,True,0.1,0.9
0.7803,0.0122,0.5176,0.7684,0.0115,0.5174,0.7865,0.1259,1.15,0.82,0.8384,0.0820,0.7777,0.1981,0.6647,0.1599,0.0115,0.0054,56.11,2.75,0.0058,0.0027,0.9994,0.0010,0.0058,0.0027,0.7666,0.0347,1.83,0.20,0.8857,0.0357,0.6783,0.0542,0.6227,0.0443,0.0125,0.0036,56.58,4.30,0.0063,0.0018,1.0000,0.0000,0.0063,0.0018,UnifiedFocal,"[64, 128, 256, 512]",0.0005,0.0001,0.2,True,0.1,0.9
0.7800,0.0155,0.5407,0.8215,0.0134,0.5297,0.7694,0.0988,1.56,0.90,0.7235,0.1542,0.8774,0.1422,0.6355,0.1283,0.0144,0.0063,56.19,3.03,0.0073,0.0032,1.0000,0.0000,0.0073,0.0032,0.8186,0.0234,1.38,0.39,0.7820,0.0576,0.8666,0.0565,0.6936,0.0339,0.0146,0.0041,56.18,4.06,0.0074,0.0021,1.0000,0.0000,0.0074,0.0021,UnifiedFocal,"[32, 64, 128, 256]",0.0001,0.01,0.4,True,0.3,0.7
0.7797,0.0172,0.5480,0.8204,0.0148,0.5370,0.7756,0.0984,1.44,0.86,0.7605,0.1316,0.8360,0.1599,0.6441,0.1321,0.0158,0.0065,55.17,2.65,0.0080,0.0033,0.9983,0.0029,0.0080,0.0033,0.8147,0.0425,1.29,0.45,0.8265,0.0474,0.8099,0.0804,0.6894,0.0590,0.0161,0.0045,55.19,3.36,0.0081,0.0023,1.0000,0.0000,0.0081,0.0023,UnifiedFocal,"[32, 64, 128, 256]",0.0001,0.01,0.2,True,0.3,0.7
0.7796,0.0141,0.5176,0.7832,0.0128,0.5159,0.7799,0.1142,1.29,0.79,0.8260,0.1182,0.7752,0.1731,0.6533,0.1509,0.0131,0.0059,55.89,2.76,0.0066,0.0030,0.9987,0.0022,0.0066,0.0030,0.7841,0.0420,1.53,0.47,0.8881,0.0530,0.7070,0.0711,0.6468,0.0556,0.0139,0.0038,55.93,3.90,0.0070,0.0019,1.0000,0.0000,0.0070,0.0019,UnifiedFocal,"[64, 128, 256, 512]",0.0005,0.0001,0.4,True,0.3,0.7
0.7792,0.7601,0.3375,0.8055,0.7933,0.2960,0.7664,0.0756,1.62,0.65,0.6776,0.1243,0.9232,0.1077,0.6271,0.0947,0.7180,0.1413,1.51,0.59,0.6525,0.2382,0.9074,0.0947,0.5781,0.1636,0.8026,0.0356,1.53,0.47,0.7119,0.0673,0.9274,0.0282,0.6718,0.0503,0.7941,0.0688,1.37,0.56,0.7068,0.0945,0.9176,0.0655,0.6640,0.0967,FocalTversky,"[32, 64, 128, 256]",0.0005,0.01,0.2,True,0.3,0.7
0.7789,0.0180,0.5319,0.8053,0.0154,0.5255,0.7759,0.1074,1.43,0.94,0.7791,0.1405,0.8200,0.1681,0.6465,0.1442,0.0166,0.0067,54.78,2.55,0.0084,0.0034,0.9996,0.0006,0.0084,0.0034,0.8014,0.0527,1.31,0.40,0.8081,0.0570,0.8005,0.0838,0.6717,0.0700,0.0168,0.0046,54.77,3.05,0.0085,0.0023,1.0000,0.0000,0.0085,0.0023,UnifiedFocal,"[64, 128, 256, 512]",0.0001,0.0001,0.2,True,0.5,0.5
0.7785,0.7762,0.2372,0.8089,0.7940,0.2064,0.7686,0.0846,1.63,0.67,0.6922,0.1206,0.9038,0.1296,0.6317,0.1099,0.7292,0.1607,1.38,0.81,0.6446,0.2288,0.9362,0.0672,0.5972,0.1857,0.8045,0.0416,1.40,0.41,0.7330,0.0716,0.8986,0.0508,0.6750,0.0581,0.7970,0.0753,1.50,0.61,0.6993,0.1056,0.9368,0.0332,0.6692,0.1069,CEDice,"[32, 64, 128, 256]",0.0005,0.0001,0.2,True,0.1,0.9
0.7782,0.7590,0.3011,0.7918,0.8295,0.2603,0.7645,0.0894,1.73,0.80,0.6848,0.1441,0.9135,0.1058,0.6267,0.1103,0.7203,0.1284,1.45,0.64,0.6928,0.2353,0.8555,0.1246,0.5773,0.1442,0.7895,0.0369,1.60,0.36,0.7074,0.0577,0.8988,0.0519,0.6537,0.0500,0.8271,0.0597,1.37,0.55,0.7864,0.0880,0.8774,0.0547,0.7097,0.0899,CEDice,"[64, 128, 256, 512]",0.0001,0.01,0.2,True,0.1,0.9
0.7765,0.7447,0.3718,0.8029,0.7965,0.3282,0.7636,0.0813,1.70,0.69,0.6796,0.1282,0.9123,0.1085,0.6243,0.1020,0.6981,0.1590,1.61,0.73,0.6218,0.2287,0.9037,0.0784,0.5575,0.1749,0.7981,0.0483,1.39,0.44,0.7205,0.0591,0.9006,0.0753,0.6667,0.0657,0.7973,0.0529,1.32,0.32,0.7032,0.0718,0.9262,0.0390,0.6661,0.0716,FocalTversky,"[64, 128, 256, 512]",0.0001,0.0001,0.2,True,0.3,0.7
0.7765,0.7447,0.1334,0.8196,0.8327,0.0980,0.7706,0.1038,1.52,0.96,0.7430,0.1486,0.8553,0.1616,0.6384,0.1382,0.7293,0.0671,1.69,0.40,0.7798,0.1870,0.7658,0.1865,0.5785,0.0848,0.8151,0.0276,1.34,0.38,0.7833,0.0432,0.8561,0.0695,0.6888,0.0387,0.8327,0.0403,1.05,0.58,0.8463,0.0934,0.8265,0.0291,0.7155,0.0591,UnifiedFocal,"[32, 64, 128, 256]",0.0001,0.0001,0.2,True,0.1,0.9
0.7759,0.7527,0.2185,0.8002,0.8377,0.1770,0.7584,0.0928,1.83,0.88,0.6477,0.1317,0.9519,0.0666,0.6192,0.1115,0.7016,0.1626,1.61,0.86,0.6149,0.2272,0.9194,0.0621,0.5633,0.1840,0.7984,0.0335,1.56,0.44,0.7112,0.0675,0.9188,0.0426,0.6658,0.0469,0.8383,0.0475,0.93,0.38,0.7670,0.0844,0.9325,0.0352,0.7245,0.0717,CEDice,"[32, 64, 128, 256]",0.0005,0.0001,0.4,True,0.3,0.7
0.7756,0.0161,0.5368,0.8108,0.0140,0.5273,0.7696,0.1024,1.55,0.96,0.7438,0.1374,0.8491,0.1685,0.6369,0.1369,0.0149,0.0063,55.60,2.73,0.0075,0.0032,1.0000,0.0000,0.0075,0.0032,0.8077,0.0496,1.29,0.45,0.8057,0.0417,0.8172,0.0942,0.6802,0.0670,0.0152,0.0042,55.54,3.59,0.0077,0.0021,1.0000,0.0000,0.0077,0.0021,UnifiedFocal,"[32, 64, 128, 256]",0.0001,0.0001,0.4,True,0.1,0.9
0.7748,0.7573,0.3182,0.7886,0.8361,0.2673,0.7598,0.0897,1.81,0.86,0.6671,0.1391,0.9281,0.0974,0.6205,0.1090,0.7207,0.1078,1.71,0.46,0.7003,0.2099,0.8373,0.1469,0.5738,0.1240,0.7868,0.0264,1.63,0.38,0.6941,0.0586,0.9169,0.0497,0.6493,0.0362,0.8371,0.0579,0.98,0.60,0.7856,0.0916,0.9013,0.0228,0.7240,0.0851,CEDice,"[32, 64, 128, 256]",0.0001,0.0001,0.2,True,0.1,0.9
0.7746,0.7570,0.2528,0.7910,0.8050,0.2179,0.7599,0.0889,1.73,0.80,0.6564,0.1264,0.9374,0.0792,0.6205,0.1084,0.7083,0.1620,1.62,0.96,0.6336,0.2396,0.9116,0.0709,0.5714,0.1843,0.7882,0.0321,1.58,0.34,0.6915,0.0712,0.9272,0.0466,0.6517,0.0443,0.8087,0.0674,1.05,0.58,0.7209,0.1000,0.9305,0.0112,0.6841,0.0922,CEDice,"[64, 128, 256, 512]",0.0001,0.01,0.4,True,0.3,0.7
0.7746,0.7208,0.6574,0.7872,0.7466,0.6555,0.7582,0.1002,1.79,0.89,0.6531,0.1387,0.9437,0.0740,0.6202,0.1202,0.6700,0.1715,1.72,0.64,0.5591,0.2174,0.9425,0.0410,0.5282,0.1900,0.7854,0.0248,1.69,0.26,0.6866,0.0629,0.9271,0.0459,0.6473,0.0339,0.7526,0.0768,1.32,0.43,0.6360,0.1070,0.9394,0.0310,0.6093,0.0966,FocalTversky,"[32, 64, 128, 256]",0.0001,0.0001,0.4,True,0.1,0.9
0.7741,0.7717,0.3476,0.7926,0.8308,0.3071,0.7580,0.1012,1.80,0.91,0.6522,0.1374,0.9428,0.0669,0.6202,0.1216,0.7296,0.1531,1.55,0.73,0.6627,0.2348,0.9118,0.0824,0.5956,0.1773,0.7892,0.0356,1.45,0.37,0.6820,0.0597,0.9423,0.0318,0.6532,0.0492,0.8323,0.0655,1.05,0.58,0.7650,0.0962,0.9191,0.0349,0.7180,0.0950,FocalTversky,"[64, 128, 256, 512]",0.0001,0.01,0.4,True,0.3,0.7
0.7733,0.7455,0.1815,0.8005,0.7642,0.1637,0.7589,0.0878,1.77,0.86,0.6577,0.1247,0.9325,0.0890,0.6191,0.1075,0.6906,0.1770,1.60,0.67,0.5764,0.2206,0.9650,0.0362,0.5541,0.1985,0.7981,0.0382,1.52,0.52,0.7085,0.0609,0.9192,0.0405,0.6657,0.0533,0.7677,0.0660,1.43,0.58,0.6460,0.0831,0.9532,0.0360,0.6277,0.0873,CEDice,"[64, 128, 256, 512]",0.0005,0.0001,0.4,True,0.5,0.5
0.7725,0.7523,0.3146,0.8148,0.8423,0.2456,0.7620,0.0937,1.62,0.80,0.7016,0.1427,0.8889,0.1446,0.6246,0.1201,0.7189,0.1387,1.65,0.63,0.6815,0.2389,0.8708,0.1175,0.5779,0.1547,0.8115,0.0311,1.40,0.42,0.7411,0.0467,0.9022,0.0580,0.6840,0.0442,0.8415,0.0591,1.05,0.58,0.7962,0.0883,0.8966,0.0361,0.7310,0.0892,CEDice,"[32, 64, 128, 256]",0.0001,0.01,0.2,True,0.1,0.9
0.7725,0.7648,0.3938,0.8218,0.8416,0.3248,0.7652,0.0999,1.59,0.91,0.7392,0.1422,0.8501,0.1690,0.6304,0.1317,0.7305,0.1349,1.48,0.73,0.7015,0.2439,0.8694,0.1167,0.5917,0.1531,0.8203,0.0228,1.38,0.39,0.7997,0.0520,0.8500,0.0685,0.6960,0.0324,0.8403,0.0485,1.12,0.54,0.7976,0.0713,0.8918,0.0437,0.7276,0.0736,FocalTversky,"[64, 128, 256, 512]",0.0001,0.01,0.2,True,0.1,0.9
0.7725,0.7678,0.2526,0.8090,0.7955,0.2200,0.7551,0.0939,2.79,2.49,0.6510,0.1386,0.9410,0.0783,0.6150,0.1121,0.7142,0.1551,1.49,0.68,0.6108,0.2118,0.9446,0.0389,0.5775,0.1830,0.8048,0.0379,1.65,0.38,0.6972,0.0712,0.9603,0.0246,0.6751,0.0539,0.8003,0.0666,1.21,0.48,0.7110,0.1020,0.9287,0.0251,0.6721,0.0906,FocalTversky,"[32, 64, 128, 256]",0.0005,0.0001,0.2,True,0.5,0.5
0.7721,0.0089,0.5947,0.7906,0.0081,0.5878,0.7561,0.0964,1.83,0.88,0.6641,0.1475,0.9278,0.0965,0.6169,0.1157,0.0085,0.0044,57.79,2.82,0.0043,0.0022,1.0000,0.0000,0.0043,0.0022,0.7884,0.0312,1.57,0.46,0.7043,0.0492,0.9022,0.0613,0.6518,0.0426,0.0087,0.0022,58.53,5.26,0.0044,0.0011,1.0000,0.0000,0.0044,0.0011,UnifiedFocal,"[32, 64, 128, 256]",0.0001,0.0001,0.4,True,0.3,0.7
0.7721,0.7729,0.3229,0.8057,0.8204,0.2837,0.7569,0.0884,1.83,0.88,0.6519,0.1278,0.9406,0.0861,0.6165,0.1070,0.7323,0.1333,1.41,0.68,0.6683,0.2278,0.9093,0.0973,0.5940,0.1559,0.8025,0.0352,1.55,0.38,0.7037,0.0713,0.9423,0.0287,0.6716,0.0502,0.8208,0.0584,1.26,0.54,0.7705,0.0878,0.8856,0.0554,0.7004,0.0887,FocalTversky,"[32, 64, 128, 256]",0.0005,0.0001,0.2,True,0.3,0.7
0.7711,0.7304,0.5759,0.7815,0.8116,0.5487,0.7552,0.0870,1.72,0.78,0.6456,0.1252,0.9459,0.0760,0.6140,0.1047,0.6866,0.1515,1.80,0.63,0.6277,0.2356,0.8759,0.1045,0.5416,0.1638,0.7798,0.0407,1.54,0.49,0.6753,0.0712,0.9321,0.0398,0.6410,0.0554,0.8141,0.0589,1.33,0.61,0.7375,0.0959,0.9173,0.0172,0.6908,0.0856,FocalTversky,"[32, 64, 128, 256]",0.0001,0.01,0.4,True,0.1,0.9
0.7702,0.7331,0.2547,0.7974,0.7461,0.2293,0.7528,0.0903,1.97,1.02,0.6362,0.1240,0.9547,0.0606,0.6115,0.1078,0.6797,0.1850,1.78,0.88,0.5628,0.2229,0.9701,0.0409,0.5430,0.2014,0.7918,0.0438,1.70,0.41,0.6759,0.0723,0.9637,0.0152,0.6576,0.0622,0.7514,0.0703,1.66,0.49,0.6246,0.0971,0.9606,0.0468,0.6070,0.0921,FocalTversky,"[32, 64, 128, 256]",0.0005,0.01,0.4,True,0.5,0.5
0.7698,0.0153,0.5278,0.7971,0.0135,0.5214,0.7711,0.1116,1.39,0.79,0.8207,0.1322,0.7703,0.1744,0.6407,0.1456,0.0141,0.0060,55.44,2.54,0.0071,0.0030,0.9981,0.0032,0.0071,0.0030,0.7921,0.0569,1.42,0.54,0.8614,0.0311,0.7374,0.0882,0.6594,0.0765,0.0147,0.0041,55.23,3.50,0.0074,0.0021,1.0000,0.0000,0.0074,0.0021,UnifiedFocal,"[64, 128, 256, 512]",0.0001,0.01,0.4,True,0.3,0.7
0.7697,0.7161,0.3088,0.7856,0.7262,0.2924,0.7536,0.0917,1.70,0.68,0.6436,0.1282,0.9456,0.0748,0.6126,0.1098,0.6636,0.2105,1.84,1.08,0.5515,0.2477,0.9703,0.0316,0.5322,0.2278,0.7817,0.0403,1.45,0.37,0.6716,0.0664,0.9429,0.0400,0.6435,0.0555,0.7271,0.0507,1.75,0.43,0.5811,0.0623,0.9769,0.0183,0.5737,0.0644,FocalTversky,"[64, 128, 256, 512]",0.0001,0.0001,0.4,True,0.5,0.5
0.7676,0.7570,0.2276,0.7920,0.7917,0.1956,0.7530,0.0821,1.70,0.69,0.6544,0.1285,0.9289,0.0968,0.6104,0.0992,0.7038,0.1735,1.50,0.74,0.6290,0.2387,0.9099,0.0782,0.5688,0.1931,0.7895,0.0353,1.45,0.37,0.6898,0.0620,0.9300,0.0435,0.6537,0.0484,0.7921,0.0664,1.25,0.56,0.7041,0.0821,0.9088,0.0507,0.6607,0.0908,CEDice,"[32, 64, 128, 256]",0.0005,0.01,0.2,True,0.3,0.7
0.7661,0.7461,0.4991,0.7878,0.8205,0.4593,0.7480,0.1081,1.94,1.06,0.6440,0.1547,0.9442,0.0794,0.6084,0.1264,0.7060,0.1650,1.68,0.89,0.6587,0.2477,0.8786,0.0999,0.5681,0.1769,0.7836,0.0383,1.62,0.41,0.6721,0.0627,0.9460,0.0304,0.6459,0.0530,0.8227,0.0664,1.05,0.58,0.7606,0.1045,0.9050,0.0239,0.7042,0.0959,FocalTversky,"[32, 64, 128, 256]",0.0001,0.01,0.2,True,0.1,0.9
0.7656,0.7783,0.1695,0.7924,0.8231,0.1484,0.7481,0.0837,1.79,0.74,0.6292,0.1201,0.9552,0.0630,0.6042,0.0996,0.7234,0.1592,1.43,0.68,0.6190,0.2153,0.9576,0.0425,0.5900,0.1875,0.7918,0.0442,1.52,0.52,0.6830,0.0719,0.9506,0.0298,0.6575,0.0604,0.8232,0.0522,1.02,0.38,0.7391,0.0729,0.9331,0.0325,0.7029,0.0764,CEDice,"[64, 128, 256, 512]",0.0005,0.0001,0.2,True,0.5,0.5
0.7646,0.7572,0.2732,0.7755,0.7875,0.2586,0.7450,0.1024,1.96,1.02,0.6314,0.1404,0.9488,0.0570,0.6034,0.1198,0.7050,0.1856,1.57,0.88,0.6115,0.2471,0.9480,0.0514,0.5745,0.2108,0.7689,0.0501,1.73,0.44,0.6590,0.0713,0.9297,0.0416,0.6274,0.0682,0.7930,0.0745,1.23,0.55,0.6918,0.1022,0.9397,0.0147,0.6631,0.0991,CEDice,"[64, 128, 256, 512]",0.0001,0.0001,0.4,True,0.3,0.7
0.7640,0.7599,0.2186,0.8044,0.8083,0.1731,0.7473,0.0868,1.77,0.71,0.6346,0.1238,0.9447,0.0755,0.6037,0.1030,0.7104,0.1563,1.53,0.74,0.6179,0.2257,0.9334,0.0582,0.5729,0.1821,0.8027,0.0390,1.59,0.54,0.7000,0.0712,0.9493,0.0242,0.6721,0.0542,0.8101,0.0653,1.12,0.54,0.7253,0.0931,0.9261,0.0399,0.6859,0.0930,CEDice,"[32, 64, 128, 256]",0.0005,0.01,0.4,True,0.3,0.7
0.7638,0.7529,0.2224,0.7973,0.7833,0.1845,0.7470,0.0910,1.90,0.91,0.6351,0.1302,0.9467,0.0769,0.6040,0.1076,0.7050,0.1659,1.63,0.86,0.6049,0.2188,0.9415,0.0551,0.5684,0.1875,0.7931,0.0413,1.70,0.41,0.6791,0.0697,0.9607,0.0174,0.6591,0.0582,0.7911,0.0834,1.31,0.47,0.6949,0.1167,0.9341,0.0215,0.6619,0.1093,CEDice,"[32, 64, 128, 256]",0.0005,0.0001,0.2,True,0.3,0.7
0.7626,0.7627,0.2542,0.7867,0.8162,0.2193,0.7440,0.0941,1.86,0.85,0.6254,0.1321,0.9572,0.0620,0.6006,0.1106,0.7118,0.1792,1.43,0.68,0.6249,0.2419,0.9362,0.0545,0.5806,0.2020,0.7863,0.0497,1.70,0.45,0.6736,0.0836,0.9569,0.0254,0.6505,0.0668,0.8163,0.0529,1.23,0.55,0.7270,0.0714,0.9346,0.0366,0.6930,0.0772,FocalTversky,"[64, 128, 256, 512]",0.0005,0.0001,0.4,True,0.5,0.5
0.7601,0.7433,0.2273,0.7863,0.7890,0.1976,0.7425,0.1060,2.07,1.19,0.6368,0.1499,0.9411,0.0796,0.6009,0.1230,0.6945,0.1871,1.63,0.89,0.6061,0.2463,0.9332,0.0569,0.5614,0.2059,0.7818,0.0371,1.73,0.37,0.6834,0.0576,0.9184,0.0359,0.6434,0.0511,0.7887,0.0576,1.26,0.54,0.6875,0.0723,0.9298,0.0496,0.6550,0.0815,CEDice,"[64, 128, 256, 512]",0.0001,0.01,0.4,True,0.5,0.5
0.7596,0.6988,0.5228,0.7757,0.6979,0.5131,0.7392,0.1142,1.96,1.10,0.6224,0.1530,0.9583,0.0496,0.5983,0.1321,0.6463,0.2041,1.76,0.83,0.5338,0.2379,0.9524,0.0356,0.5103,0.2189,0.7710,0.0376,1.67,0.36,0.6533,0.0647,0.9485,0.0352,0.6288,0.0513,0.7048,0.0712,1.74,0.22,0.5525,0.0834,0.9880,0.0037,0.5487,0.0823,FocalTversky,"[32, 64, 128, 256]",0.0001,0.01,0.2,True,0.3,0.7
0.7595,0.7532,0.3096,0.7852,0.7944,0.2693,0.7421,0.1079,1.88,0.96,0.6397,0.1546,0.9378,0.0865,0.6006,0.1251,0.7011,0.1804,1.55,0.77,0.6145,0.2463,0.9309,0.0530,0.5680,0.2043,0.7799,0.0350,1.62,0.42,0.6667,0.0586,0.9456,0.0347,0.6406,0.0484,0.7970,0.0572,1.31,0.40,0.6994,0.0867,0.9376,0.0357,0.6662,0.0773,FocalTversky,"[64, 128, 256, 512]",0.0001,0.0001,0.2,True,0.5,0.5
0.7586,0.7602,0.4995,0.8044,0.8169,0.4623,0.7484,0.1029,1.74,0.99,0.6914,0.1529,0.8737,0.1412,0.6085,0.1288,0.7414,0.0797,1.51,0.40,0.7357,0.1998,0.8288,0.1429,0.5951,0.0949,0.8039,0.0244,1.62,0.41,0.7458,0.0552,0.8774,0.0403,0.6728,0.0341,0.8178,0.0375,1.25,0.43,0.8434,0.0806,0.7982,0.0257,0.6935,0.0520,FocalTversky,"[32, 64, 128, 256]",0.0001,0.0001,0.2,True,0.1,0.9
0.7584,0.7559,0.2609,0.7862,0.7971,0.2378,0.7406,0.0931,1.90,0.91,0.6242,0.1303,0.9492,0.0637,0.5961,0.1088,0.7048,0.1662,1.56,0.61,0.6036,0.2219,0.9476,0.0553,0.5681,0.1867,0.7812,0.0471,1.54,0.49,0.6716,0.0669,0.9395,0.0346,0.6435,0.0651,0.8002,0.0598,1.38,0.54,0.7079,0.0873,0.9288,0.0375,0.6710,0.0818,FocalTversky,"[64, 128, 256, 512]",0.0005,0.01,0.4,True,0.5,0.5
0.7555,0.7146,0.2542,0.7697,0.7133,0.2443,0.7363,0.0953,1.94,0.99,0.6111,0.1287,0.9635,0.0535,0.5911,0.1109,0.6569,0.1932,1.84,0.90,0.5290,0.2231,0.9845,0.0194,0.5194,0.2120,0.7658,0.0550,2.08,0.74,0.6401,0.0818,0.9638,0.0136,0.6238,0.0738,0.7190,0.0671,3.60,1.70,0.5721,0.0816,0.9803,0.0175,0.5656,0.0807,FocalTversky,"[64, 128, 256, 512]",0.0005,0.0001,0.2,True,0.5,0.5
0.7549,0.7002,0.5042,0.7876,0.7353,0.4891,0.7390,0.1088,2.03,1.20,0.6420,0.1556,0.9274,0.0946,0.5970,0.1259,0.6507,0.2111,1.86,1.00,0.5390,0.2414,0.9589,0.0318,0.5166,0.2208,0.7822,0.0385,1.50,0.45,0.6893,0.0513,0.9091,0.0554,0.6440,0.0527,0.7393,0.0552,1.57,0.31,0.5978,0.0668,0.9752,0.0165,0.5894,0.0674,FocalTversky,"[32, 64, 128, 256]",0.0001,0.0001,0.2,True,0.3,0.7
0.7507,0.7260,0.2652,0.7743,0.7537,0.2284,0.7324,0.1060,2.04,1.14,0.6147,0.1405,0.9509,0.0627,0.5880,0.1212,0.6775,0.1887,1.65,0.73,0.5763,0.2306,0.9395,0.0479,0.5408,0.2002,0.7686,0.0462,1.75,0.45,0.6440,0.0703,0.9611,0.0219,0.6266,0.0632,0.7563,0.0585,1.53,0.53,0.6229,0.0796,0.9731,0.0252,0.6118,0.0771,CEDice,"[64, 128, 256, 512]",0.0001,0.0001,0.2,True,0.3,0.7
0.7503,0.7289,0.2232,0.7679,0.7761,0.1752,0.7309,0.1091,2.14,1.14,0.6122,0.1459,0.9547,0.0595,0.5866,0.1245,0.6819,0.1908,1.66,0.75,0.5874,0.2401,0.9347,0.0532,0.5469,0.2052,0.7631,0.0401,1.76,0.39,0.6343,0.0608,0.9643,0.0240,0.6187,0.0540,0.7791,0.0635,1.30,0.47,0.6567,0.0824,0.9650,0.0234,0.6426,0.0849,CEDice,"[64, 128, 256, 512]",0.0001,0.01,0.2,True,0.5,0.5
0.7481,0.7297,0.3361,0.7768,0.7644,0.2968,0.7310,0.1042,2.01,0.92,0.6262,0.1514,0.9326,0.0812,0.5858,0.1193,0.6838,0.1672,1.65,0.76,0.5953,0.2278,0.9197,0.0770,0.5424,0.1808,0.7685,0.0423,1.81,0.40,0.6453,0.0661,0.9570,0.0198,0.6260,0.0578,0.7697,0.0786,1.27,0.52,0.6540,0.1005,0.9469,0.0220,0.6321,0.1010,CEDice,"[32, 64, 128, 256]",0.0001,0.0001,0.2,True,0.3,0.7
0.7475,0.7436,0.2751,0.7753,0.7950,0.2168,0.7314,0.1000,1.90,0.99,0.6299,0.1470,0.9265,0.0932,0.5856,0.1147,0.6973,0.1693,1.75,0.83,0.6318,0.2494,0.8991,0.0829,0.5595,0.1869,0.7702,0.0449,1.65,0.40,0.6532,0.0668,0.9451,0.0326,0.6285,0.0609,0.7984,0.0699,1.23,0.55,0.6959,0.0938,0.9447,0.0253,0.6700,0.0949,CEDice,"[64, 128, 256, 512]",0.0001,0.01,0.2,True,0.3,0.7
0.7471,0.7818,0.2183,0.7635,0.7880,0.2206,0.7285,0.0968,2.06,0.95,0.6021,0.1286,0.9606,0.0545,0.5815,0.1112,0.7367,0.1274,1.50,0.70,0.6579,0.2111,0.9161,0.0649,0.5989,0.1566,0.7616,0.0411,1.68,0.38,0.6386,0.0682,0.9526,0.0321,0.6167,0.0543,0.7927,0.0715,1.40,0.63,0.7386,0.1158,0.8677,0.0383,0.6625,0.1005,CEDice,"[64, 128, 256, 512]",0.0005,0.0001,0.2,True,0.3,0.7
0.7467,0.7362,0.2073,0.7489,0.7479,0.1815,0.7268,0.1076,2.08,1.03,0.6020,0.1403,0.9618,0.0535,0.5812,0.1222,0.6849,0.1875,1.58,0.83,0.5829,0.2430,0.9553,0.0550,0.5503,0.2077,0.7429,0.0510,1.90,0.45,0.6069,0.0770,0.9692,0.0181,0.5937,0.0673,0.7505,0.0569,1.48,0.49,0.6182,0.0789,0.9673,0.0423,0.6041,0.0753,CEDice,"[64, 128, 256, 512]",0.0001,0.0001,0.4,True,0.5,0.5
0.7459,0.7080,0.2692,0.7564,0.7309,0.2575,0.7253,0.1073,2.16,0.98,0.5946,0.1348,0.9698,0.0411,0.5793,0.1219,0.6513,0.1893,1.85,0.75,0.5220,0.2165,0.9826,0.0238,0.5114,0.2039,0.7533,0.0577,2.07,0.64,0.6201,0.0884,0.9743,0.0179,0.6078,0.0767,0.7342,0.0567,1.85,0.25,0.5935,0.0746,0.9735,0.0306,0.5832,0.0720,FocalTversky,"[32, 64, 128, 256]",0.0005,0.0001,0.4,True,0.5,0.5
0.7450,0.7605,0.2162,0.7688,0.8049,0.1821,0.7254,0.1007,1.97,0.86,0.5959,0.1302,0.9659,0.0489,0.5781,0.1147,0.7083,0.1645,1.43,0.67,0.6107,0.2238,0.9403,0.0504,0.5722,0.1879,0.7635,0.0438,1.73,0.36,0.6317,0.0716,0.9747,0.0198,0.6195,0.0596,0.8070,0.0613,1.23,0.49,0.7135,0.0876,0.9358,0.0210,0.6808,0.0868,CEDice,"[64, 128, 256, 512]",0.0005,0.0001,0.4,True,0.3,0.7
0.7442,0.7491,0.3872,0.7480,0.7312,0.3857,0.7264,0.1023,1.97,0.86,0.6090,0.1391,0.9469,0.0702,0.5797,0.1162,0.7021,0.1561,1.76,1.00,0.6317,0.2308,0.8957,0.0877,0.5615,0.1715,0.7454,0.0398,1.78,0.28,0.6208,0.0664,0.9423,0.0330,0.5958,0.0514,0.7516,0.1184,2.15,1.73,0.6608,0.1748,0.9199,0.0409,0.6161,0.1487,CEDice,"[32, 64, 128, 256]",0.0001,0.0001,0.4,True,0.1,0.9
0.7435,0.7404,0.1751,0.7717,0.7736,0.1666,0.7240,0.0971,2.09,0.87,0.5922,0.1256,0.9678,0.0477,0.5758,0.1109,0.6863,0.1889,1.77,1.03,0.5770,0.2373,0.9644,0.0397,0.5527,0.2117,0.7678,0.0384,1.73,0.36,0.6419,0.0690,0.9656,0.0270,0.6248,0.0520,0.7745,0.0516,1.68,0.56,0.6652,0.0723,0.9320,0.0145,0.6351,0.0714,CEDice,"[32, 64, 128, 256]",0.0005,0.01,0.4,True,0.5,0.5
0.7425,0.7296,0.2443,0.7624,0.7658,0.2297,0.7219,0.1078,2.16,0.98,0.5915,0.1365,0.9677,0.0414,0.5751,0.1221,0.6766,0.2043,1.81,1.11,0.5796,0.2542,0.9442,0.0398,0.5456,0.2236,0.7608,0.0340,1.75,0.25,0.6339,0.0614,0.9607,0.0324,0.6152,0.0444,0.7668,0.0501,1.43,0.46,0.6479,0.0700,0.9460,0.0265,0.6245,0.0671,CEDice,"[64, 128, 256, 512]",0.0001,0.0001,0.2,True,0.5,0.5
0.7417,0.7237,0.5547,0.7475,0.7451,0.5456,0.7215,0.1142,2.18,1.02,0.5977,0.1498,0.9607,0.0510,0.5758,0.1291,0.6711,0.2063,1.80,0.91,0.5644,0.2475,0.9567,0.0304,0.5399,0.2259,0.7422,0.0503,1.81,0.40,0.6042,0.0726,0.9716,0.0209,0.5927,0.0657,0.7496,0.0697,1.41,0.46,0.6196,0.0949,0.9634,0.0292,0.6046,0.0914,FocalTversky,"[32, 64, 128, 256]",0.0001,0.01,0.4,True,0.3,0.7
0.7412,0.7402,0.1763,0.7596,0.7575,0.1593,0.7217,0.0991,2.06,0.91,0.5889,0.1243,0.9676,0.0459,0.5732,0.1122,0.6855,0.1904,1.73,0.88,0.5691,0.2264,0.9733,0.0343,0.5514,0.2077,0.7538,0.0529,1.81,0.40,0.6219,0.0748,0.9656,0.0228,0.6079,0.0710,0.7601,0.0612,1.63,0.54,0.6331,0.0805,0.9599,0.0323,0.6170,0.0808,CEDice,"[32, 64, 128, 256]",0.0005,0.01,0.2,True,0.5,0.5
0.7398,0.7115,0.1894,0.7745,0.7602,0.1578,0.7194,0.1021,2.22,1.08,0.5851,0.1281,0.9714,0.0393,0.5710,0.1156,0.6577,0.1946,1.83,0.88,0.5382,0.2307,0.9728,0.0369,0.5203,0.2099,0.7707,0.0505,1.77,0.44,0.6407,0.0768,0.9767,0.0122,0.6297,0.0685,0.7629,0.0534,1.47,0.36,0.6332,0.0725,0.9679,0.0227,0.6197,0.0699,CEDice,"[32, 64, 128, 256]",0.0005,0.0001,0.2,True,0.5,0.5
0.7320,0.7074,0.1736,0.7534,0.7243,0.1638,0.7115,0.1018,2.14,0.95,0.5730,0.1243,0.9747,0.0362,0.5612,0.1139,0.6482,0.1966,1.94,0.89,0.5158,0.2156,0.9872,0.0098,0.5097,0.2097,0.7503,0.0549,1.80,0.43,0.6129,0.0801,0.9794,0.0146,0.6035,0.0717,0.7304,0.0750,1.53,0.53,0.5892,0.0926,0.9736,0.0243,0.5808,0.0939,CEDice,"[32, 64, 128, 256]",0.0005,0.0001,0.4,True,0.5,0.5
0.7313,0.7177,0.1845,0.7557,0.7453,0.1624,0.7106,0.1057,2.17,0.94,0.5726,0.1281,0.9746,0.0354,0.5607,0.1178,0.6630,0.1877,1.83,0.89,0.5421,0.2233,0.9723,0.0364,0.5242,0.2028,0.7510,0.0458,1.81,0.40,0.6149,0.0741,0.9763,0.0225,0.6036,0.0610,0.7465,0.0504,1.90,0.18,0.6099,0.0642,0.9696,0.0328,0.5981,0.0642,CEDice,"[64, 128, 256, 512]",0.0005,0.01,0.2,True,0.5,0.5
0.7302,0.7270,0.3268,0.7588,0.7350,0.2963,0.7140,0.1026,1.86,0.85,0.6012,0.1441,0.9361,0.0907,0.5643,0.1143,0.6753,0.1877,1.72,0.78,0.5632,0.2261,0.9564,0.0413,0.5385,0.2035,0.7547,0.0454,1.66,0.41,0.6282,0.0656,0.9529,0.0381,0.6082,0.0600,0.7370,0.0544,1.85,0.17,0.6015,0.0665,0.9581,0.0300,0.5864,0.0672,FocalTversky,"[64, 128, 256, 512]",0.0001,0.01,0.2,True,0.5,0.5
0.7294,0.7136,0.1806,0.7539,0.7503,0.1571,0.7081,0.1122,2.30,1.17,0.5700,0.1358,0.9774,0.0336,0.5589,0.1250,0.6599,0.1887,1.91,0.93,0.5400,0.2218,0.9677,0.0356,0.5207,0.2014,0.7486,0.0566,1.85,0.43,0.6114,0.0857,0.9790,0.0171,0.6016,0.0754,0.7537,0.0533,1.77,0.23,0.6207,0.0728,0.9682,0.0201,0.6077,0.0690,CEDice,"[64, 128, 256, 512]",0.0005,0.01,0.4,True,0.5,0.5
0.7266,0.6600,0.4603,0.7485,0.6377,0.4584,0.7080,0.1065,2.03,0.93,0.5762,0.1306,0.9598,0.0490,0.5576,0.1173,0.6085,0.2026,2.13,0.85,0.4723,0.2105,0.9889,0.0133,0.4669,0.2045,0.7447,0.0475,1.71,0.39,0.6164,0.0681,0.9488,0.0293,0.5956,0.0619,0.6424,0.0598,2.05,0.05,0.4808,0.0682,0.9823,0.0138,0.4761,0.0657,CEDice,"[32, 64, 128, 256]",0.0001,0.01,0.4,True,0.3,0.7
0.7238,0.7181,0.3123,0.7370,0.7123,0.2989,0.7018,0.1120,2.35,1.14,0.5623,0.1360,0.9773,0.0295,0.5514,0.1249,0.6634,0.1954,1.83,0.88,0.5486,0.2301,0.9582,0.0274,0.5271,0.2115,0.7314,0.0562,1.88,0.45,0.5868,0.0738,0.9797,0.0126,0.5798,0.0728,0.7155,0.0649,1.78,0.45,0.5705,0.0804,0.9708,0.0203,0.5611,0.0803,FocalTversky,"[64, 128, 256, 512]",0.0001,0.01,0.4,True,0.5,0.5
0.7178,0.7376,0.3315,0.7293,0.7456,0.3138,0.6963,0.1149,2.34,1.14,0.5581,0.1411,0.9745,0.0363,0.5453,0.1272,0.6862,0.2016,1.73,0.98,0.5887,0.2496,0.9475,0.0400,0.5560,0.2208,0.7261,0.0619,1.97,0.34,0.5796,0.0831,0.9854,0.0111,0.5738,0.0786,0.7497,0.0556,1.75,0.43,0.6205,0.0753,0.9565,0.0265,0.6027,0.0697,CEDice,"[32, 64, 128, 256]",0.0001,0.0001,0.4,True,0.3,0.7
0.7066,0.6797,0.5155,0.7010,0.6924,0.5165,0.6853,0.1227,2.43,1.21,0.5429,0.1406,0.9795,0.0274,0.5335,0.1317,0.6261,0.1912,1.92,0.67,0.4911,0.2053,0.9836,0.0170,0.4831,0.1972,0.6964,0.0510,2.00,0.34,0.5473,0.0712,0.9707,0.0194,0.5367,0.0621,0.6987,0.0559,1.75,0.37,0.5446,0.0676,0.9849,0.0123,0.5397,0.0648,CEDice,"[32, 64, 128, 256]",0.0001,0.01,0.2,True,0.3,0.7
0.7028,0.6725,0.4303,0.7029,0.6590,0.4268,0.6814,0.1192,2.36,1.03,0.5382,0.1410,0.9809,0.0311,0.5284,0.1296,0.6201,0.1960,2.02,0.72,0.4833,0.2051,0.9878,0.0127,0.4775,0.1993,0.6985,0.0560,1.99,0.30,0.5463,0.0686,0.9787,0.0255,0.5396,0.0680,0.6639,0.0623,2.02,0.03,0.5032,0.0704,0.9894,0.0109,0.5002,0.0690,CEDice,"[32, 64, 128, 256]",0.0001,0.0001,0.2,True,0.5,0.5
0.7015,0.6917,0.4453,0.7193,0.7132,0.4267,0.6817,0.1114,2.45,1.32,0.5392,0.1313,0.9739,0.0396,0.5271,0.1193,0.6450,0.1996,1.79,0.74,0.5323,0.2359,0.9597,0.0522,0.5066,0.2085,0.7139,0.0514,2.12,0.44,0.5686,0.0695,0.9696,0.0195,0.5577,0.0642,0.7176,0.0494,1.78,0.38,0.5708,0.0634,0.9744,0.0147,0.5619,0.0599,FocalTversky,"[32, 64, 128, 256]",0.0001,0.0001,0.2,True,0.5,0.5
0.7002,0.6539,0.3225,0.6886,0.6315,0.3257,0.6787,0.1180,2.40,1.23,0.5335,0.1342,0.9797,0.0259,0.5249,0.1260,0.6006,0.2057,2.11,0.79,0.4649,0.2123,0.9825,0.0149,0.4596,0.2083,0.6823,0.0591,2.09,0.37,0.5282,0.0670,0.9717,0.0359,0.5210,0.0707,0.6415,0.0777,2.88,1.82,0.4811,0.0825,0.9793,0.0225,0.4770,0.0828,CEDice,"[32, 64, 128, 256]",0.0001,0.01,0.4,True,0.5,0.5
0.6982,0.6832,0.4425,0.6976,0.6900,0.4350,0.6775,0.1185,2.37,1.18,0.5345,0.1374,0.9769,0.0366,0.5236,0.1261,0.6293,0.1968,1.90,0.70,0.4999,0.2147,0.9736,0.0266,0.4881,0.2030,0.6939,0.0611,2.16,0.39,0.5408,0.0774,0.9815,0.0124,0.5348,0.0741,0.6976,0.0642,1.77,0.39,0.5468,0.0799,0.9795,0.0183,0.5393,0.0741,FocalTversky,"[32, 64, 128, 256]",0.0001,0.01,0.2,True,0.5,0.5
0.6959,0.6668,0.6073,0.7157,0.6663,0.5975,0.6759,0.1103,2.69,1.56,0.5333,0.1332,0.9737,0.0435,0.5203,0.1184,0.6140,0.2086,1.87,0.75,0.4862,0.2246,0.9713,0.0166,0.4753,0.2157,0.7140,0.0581,1.96,0.33,0.5618,0.0742,0.9912,0.0078,0.5584,0.0709,0.6730,0.0647,1.97,0.10,0.5150,0.0732,0.9839,0.0148,0.5107,0.0724,FocalTversky,"[32, 64, 128, 256]",0.0001,0.0001,0.4,True,0.3,0.7
0.6772,0.6749,0.4753,0.6805,0.6736,0.4697,0.6565,0.1155,2.36,1.04,0.5076,0.1306,0.9806,0.0320,0.4990,0.1207,0.6233,0.1937,2.05,0.70,0.4868,0.2021,0.9849,0.0125,0.4803,0.1962,0.6753,0.0491,1.97,0.25,0.5154,0.0589,0.9877,0.0107,0.5119,0.0579,0.6802,0.0713,1.82,0.34,0.5236,0.0842,0.9880,0.0064,0.5198,0.0814,CEDice,"[32, 64, 128, 256]",0.0001,0.01,0.2,True,0.5,0.5
0.6713,0.6611,0.4899,0.6807,0.6528,0.4854,0.6508,0.1147,2.68,1.29,0.4997,0.1263,0.9825,0.0260,0.4925,0.1186,0.6124,0.2088,2.05,0.96,0.4829,0.2177,0.9724,0.0160,0.4728,0.2101,0.6749,0.0574,2.09,0.37,0.5149,0.0705,0.9919,0.0057,0.5123,0.0681,0.6560,0.0551,2.02,0.03,0.4971,0.0570,0.9709,0.0212,0.4905,0.0589,FocalTversky,"[32, 64, 128, 256]",0.0001,0.01,0.4,True,0.5,0.5
0.6645,0.6741,0.5004,0.6640,0.6786,0.4954,0.6431,0.1023,2.46,0.91,0.4845,0.1099,0.9934,0.0114,0.4820,0.1068,0.6228,0.2122,2.12,1.08,0.4928,0.2270,0.9867,0.0137,0.4859,0.2200,0.6600,0.0595,2.20,0.38,0.4969,0.0700,0.9962,0.0046,0.4956,0.0685,0.6842,0.0577,1.91,0.19,0.5260,0.0656,0.9897,0.0096,0.5228,0.0639,FocalTversky,"[32, 64, 128, 256]",0.0001,0.0001,0.4,True,0.5,0.5
0.6464,0.6495,0.4692,0.6438,0.6625,0.4662,0.6263,0.1146,2.58,1.11,0.4707,0.1195,0.9856,0.0221,0.4654,0.1140,0.5991,0.1988,2.11,0.82,0.4609,0.2011,0.9846,0.0128,0.4554,0.1962,0.6388,0.0578,2.40,0.32,0.4738,0.0674,0.9943,0.0078,0.4720,0.0648,0.6663,0.0590,1.92,0.12,0.5072,0.0622,0.9783,0.0237,0.5025,0.0648,CEDice,"[32, 64, 128, 256]",0.0001,0.0001,0.4,True,0.5,0.5
